cluster,Special_Supply_Competition_Rate,General_Supply_Competition_Rate,Special_Supply_Total_Units,General_Supply_Total_Units,GDP_Average
0,0.0,0.0,0.08245339999023082,0.06944203186418525,0.0
1,1.0,1.0,0.0,0.0,0.3763290458532515
2,0.06396860375863521,0.03225305544298716,1.0,1.0,1.0
